{
  "generatedAt": "2026-02-25T12:47:46.469Z",
  "stats": [
    {
      "key": "short:short",
      "rules": [
        "short"
      ],
      "signalType": "short",
      "total": 570,
      "closed": 342,
      "open": 228,
      "wins": 228,
      "losses": 114,
      "winRate": 0.6666666666666666,
      "avgPnlPct": 0.06666666666666657,
      "avgWinPct": 0.13999999999999976,
      "avgLossPct": 0.07999999999999985,
      "rrRatio": 1.7500000000000004,
      "avgHoldHours": 6.903833658219618e-7,
      "totalPnlPct": 22.799999999999965,
      "symbols": [
        "BTCUSDT"
      ],
      "stopLossCount": 114
    },
    {
      "key": "buy:buy",
      "rules": [
        "buy"
      ],
      "signalType": "buy",
      "total": 228,
      "closed": 114,
      "open": 114,
      "wins": 57,
      "losses": 57,
      "winRate": 0.5,
      "avgPnlPct": 0.05000000000000007,
      "avgWinPct": 0.1600000000000001,
      "avgLossPct": 0.060000000000000046,
      "rrRatio": 2.666666666666666,
      "avgHoldHours": 6.530214424951268e-7,
      "totalPnlPct": 5.700000000000008,
      "symbols": [
        "ETHUSDT",
        "BTCUSDT"
      ],
      "stopLossCount": 57
    }
  ]
}