{
  "generatedAt": "2026-02-25T11:34:42.655Z",
  "stats": [
    {
      "key": "short:short",
      "rules": [
        "short"
      ],
      "signalType": "short",
      "total": 520,
      "closed": 312,
      "open": 208,
      "wins": 208,
      "losses": 104,
      "winRate": 0.6666666666666666,
      "avgPnlPct": 0.06666666666666658,
      "avgWinPct": 0.1399999999999998,
      "avgLossPct": 0.07999999999999984,
      "rrRatio": 1.7500000000000009,
      "avgHoldHours": 6.463675213675214e-7,
      "totalPnlPct": 20.799999999999972,
      "symbols": [
        "BTCUSDT"
      ],
      "stopLossCount": 104
    },
    {
      "key": "buy:buy",
      "rules": [
        "buy"
      ],
      "signalType": "buy",
      "total": 208,
      "closed": 104,
      "open": 104,
      "wins": 52,
      "losses": 52,
      "winRate": 0.5,
      "avgPnlPct": 0.05000000000000005,
      "avgWinPct": 0.1600000000000001,
      "avgLossPct": 0.060000000000000046,
      "rrRatio": 2.666666666666666,
      "avgHoldHours": 5.849358974358973e-7,
      "totalPnlPct": 5.2000000000000055,
      "symbols": [
        "ETHUSDT",
        "BTCUSDT"
      ],
      "stopLossCount": 52
    }
  ]
}