{
  "generatedAt": "2026-02-25T12:54:06.544Z",
  "stats": [
    {
      "key": "short:short",
      "rules": [
        "short"
      ],
      "signalType": "short",
      "total": 600,
      "closed": 360,
      "open": 240,
      "wins": 240,
      "losses": 120,
      "winRate": 0.6666666666666666,
      "avgPnlPct": 0.06666666666666655,
      "avgWinPct": 0.1399999999999997,
      "avgLossPct": 0.07999999999999986,
      "rrRatio": 1.7499999999999993,
      "avgHoldHours": 7.168209876543205e-7,
      "totalPnlPct": 23.99999999999996,
      "symbols": [
        "BTCUSDT"
      ],
      "stopLossCount": 120
    },
    {
      "key": "buy:buy",
      "rules": [
        "buy"
      ],
      "signalType": "buy",
      "total": 240,
      "closed": 120,
      "open": 120,
      "wins": 60,
      "losses": 60,
      "winRate": 0.5,
      "avgPnlPct": 0.05000000000000008,
      "avgWinPct": 0.1600000000000001,
      "avgLossPct": 0.060000000000000046,
      "rrRatio": 2.666666666666666,
      "avgHoldHours": 6.805555555555557e-7,
      "totalPnlPct": 6.00000000000001,
      "symbols": [
        "ETHUSDT",
        "BTCUSDT"
      ],
      "stopLossCount": 60
    }
  ]
}