{
  "generatedAt": "2026-02-25T12:59:01.176Z",
  "stats": [
    {
      "key": "short:short",
      "rules": [
        "short"
      ],
      "signalType": "short",
      "total": 630,
      "closed": 378,
      "open": 252,
      "wins": 252,
      "losses": 126,
      "winRate": 0.6666666666666666,
      "avgPnlPct": 0.06666666666666655,
      "avgWinPct": 0.13999999999999965,
      "avgLossPct": 0.07999999999999988,
      "rrRatio": 1.7499999999999984,
      "avgHoldHours": 7.429453262786596e-7,
      "totalPnlPct": 25.199999999999957,
      "symbols": [
        "BTCUSDT"
      ],
      "stopLossCount": 126
    },
    {
      "key": "buy:buy",
      "rules": [
        "buy"
      ],
      "signalType": "buy",
      "total": 252,
      "closed": 126,
      "open": 126,
      "wins": 63,
      "losses": 63,
      "winRate": 0.5,
      "avgPnlPct": 0.05000000000000009,
      "avgWinPct": 0.1600000000000001,
      "avgLossPct": 0.060000000000000046,
      "rrRatio": 2.666666666666666,
      "avgHoldHours": 7.032627865961202e-7,
      "totalPnlPct": 6.300000000000011,
      "symbols": [
        "ETHUSDT",
        "BTCUSDT"
      ],
      "stopLossCount": 63
    }
  ]
}